{"cameraMode":{"drawMode":0,"name":"Shaded","section":"Shading Mode"},"sceneLighting":true,"audioPlay":false,"sceneViewState":{"showFog":true,"showMaterialUpdate":false,"showSkybox":true,"showFlares":true,"showImageEffects":true,"showParticleSystems":true},"in2DMode":false,"pivot":{"x":4.06948184967041,"y":1.560121774673462,"z":18.452354431152345},"rotation":{"x":0.11985432356595993,"y":-0.4100002646446228,"z":0.05444556847214699,"w":0.9025355577468872},"size":14.002657890319825,"orthographic":false}